id,nombre_ce,distrito,sector,zona,canton,caserio,direccion,ayuda_asistencia_tecnica,apoyo_economico,apoyo_material_didactico,apoyo_mobiliario_equipo,apoyo_infraestructura,apoyo_remuneracion_docentes,apoyo_materiales_construccion,apoyo_alimentos,cant_deser,correo,X,Y
3,COLEGIO GOLDA MEIR,01,Privado,Urbana,N/A,N/A,23 AV. NORTE Y 3‹¨« CALLE PTE # 1223 SAN SALVADOR,0,0,0,0,0,0,0,0,27,info@colegiogoldameir.edu.sv,-89.203514,13.702189
4,COLEGIO TIEMPO PARA NI‹¨«OS,02,Privado,Urbana,N/A,N/A,"URBANIZACION CIUDAD SATELITE CALLE JUPITER NUMERO 23 ""C"" SAN SALVADOR",0,0,0,0,0,0,0,0,1,colegio4kids@hotmail.com,-89.217616,13.724618
5,COLEGIO GOTITAS MAGICAS,02,Privado,Urbana,N/A,N/A,CALLE SAN ANTONIO ABAD N‹¨«2,0,0,0,0,0,0,0,0,2,reinagomez2009@gmail.com,-89.213413,13.715598
6,COLEGIO CRECIENDO CON MONTESSORI,02,Privado,Urbana,N/A,N/A,"CALLE GABRIELA MISTRAL N‹¨« 217, DOS CUADRAS ABAJO DE WENDY'S LOS HEROES",0,0,0,0,0,0,0,0,2,colegiocreciendoconmontessori@gmail.com,-89.206641,13.708848
7,INSTITUTO NACIONAL ALBERT CAMUS,02,Privado,Urbana,N/A,N/A,COLONIA EL PRADO CALLE SAN ANTONIO ABAD N‹¨« 1467,1,0,0,0,0,0,0,0,35,in.albertcamus@hotmail.com,-89.205795,13.714492
8,INSTITUTO NACIONAL GENERAL JESUS MARIA BRAN,02,Publico,Urbano,N/A,N/A,"COLONIA FLOR BLANCA, CALLE EL PROGRESO NUMERO 112",1,1,1,0,1,1,0,0,27,ingebran@yahoo.com,-89.213681,13.715273
9,CENTRO ESCOLAR GENERAL FRANCISCO MORAZAN,01,Publico,Urbano,N/A,N/A,"FINAL 25 AV. NORTE Y CALLE SAN ANTONIO ABAD, SAN SALVADOR",1,0,0,0,0,0,0,0,0,cafram11532@yahoo.com,-89.205195,13.715441
10,ESCUELA DE EDUCACION PARVULARIA COLONIA ATLACATL,01,Publico,Urbana,N/A,N/A,"COLONIA ATLACATL, 20 AV. NORTE PASAJE P #4",0,0,0,0,0,0,0,0,0,parvulariaatlacatl@gmail.com,-89.182143,13.71521
11,ESCUELA DE EDUCACION PARVULARIA SAGRADO CORAZON DE JESUS,DCH,Publico,Urbana,N/A,N/A,3 AV. Y 6 CALLE PONIENTE FRENTE A IGLESIA EL CALVARIO,0,0,0,0,0,0,0,0,0,No posee,-89.193727,13.696554
12,INSTITUTO NACIONAL GENERAL FRANCISCO MORAZAN,01,Publico,Urbana,N/A,N/A,PRIMERA CALLE PONIENTE #1250,1,0,0,0,0,0,0,0,12,inframor@hotmail.com,-89.203304,13.7015
13,INSTITUTO NACIONAL TECNICO INDUSTRIAL,02,Publico,Urbana,N/A,N/A,"BOULEVARD VENEZUELA, COLONIA ROMA",0,0,0,0,0,0,0,0,0,intidirec@gmail.com,-89.222327,13.693742
14,INSTITUTO NACIONAL GENERAL MANUEL JOSE ARCE,05,Publico,Urbana,N/A,N/A,CALLE MODELO N‹¨« 77,0,0,0,0,0,0,0,0,81,inarce77@yahoo.es,-89.195707,13.686071
15,INSTITUTO NACIONAL PROFESOR JAIME FRANCISCO LOPEZ,04,Publico,Urbano,N/A,N/A,39 AV. SUR FINAL PASAJE 8 COLONIA MONSERRAT,0,0,0,0,0,0,0,0,21,No posee,-89.213969,13.682698
16,CENTRO ESCOLAR DOCTOR JOSE ANTONIO RODRIGUEZ PORTH,01,Publico,Urbana,N/A,N/A,"FINAL VEINTISEIS AV. NORTE, COLONIA JARDINES DE DON BOSCO",0,0,0,0,1,0,0,0,45,No posee,-89.206077,13.717371
18,ESCUELA DE EDUCACION PARVULARIA DEL SERVIDOR MUNICIPAL,DCH,Publico,Urbana,N/A,N/A,1A. CALLE ORIENTE Y CALLE DELGADO MERCADO EX-CUARTEL,0,0,0,0,0,0,0,0,0,No posee,-89.188065,13.699014
19,ESCUELA DE EDUCACION PARVULARIA SAN JOSE,DCH,Publico,Urbana,N/A,N/A,FINAL CALLE DELGADO (CONTIGUO AL MERCADO TINNETTI),0,0,0,0,1,0,0,1,0,No posee,-89.183299,13.698287
1,ESCUELA DE EDUCACION PARVULARIA SAN JACINTO,05,Publico,Urbana,N/A,N/A,URBANIZACION CUSCATLAN CALLE AL CERRO,0,0,0,0,0,0,0,0,0,No posee,-89.177805,13.686492
2,CENTRO ESCOLAR PARA CIEGOS EUGENIA VIUDA DE DUE‹¨«AS,01,Publico,Urbana,N/A,N/A,21 CALLE PONIENTE BARRIO SAN MIGUELITO #240 SAN SALVADOR,1,0,1,1,0,0,0,0,0,aliciagorantes@hotmail.com,-89.19259,13.709517
19,CENTRO DE EDUCACION INICIAL Y PARVULARIA PREPARE,03,Privado,Urbana,N/A,N/A,"FINAL CALLE LA MASCOTA, URBANIZACION MAQUILISHUAT #5250",0,0,0,0,0,0,0,0,0,info@prepare.com.sv,-89.251014,13.697338
20,INSTITUTO NACIONAL ACCION CIVICA MILITAR,06,Publico,Urbana,N/A,N/A,"ALAMEDA JUAN PABLO II CONTIGUO A INDUSTRIAS LA CONSTANCIA, ZONA RELOJ DE FLORES",0,0,0,1,0,0,0,0,0,accioncivicamilitar@gmail.com,-89.18105,13.700732
21,INSTITUTO NACIONAL GENERAL FRANCISCO MENENDEZ,01,Publico,Urbana,N/A,N/A,20 AV. NORTE Y 29 CALLE ORIENTE COL. ATLACATL,0,0,0,0,0,0,0,0,176,No posee,-89.181211,13.712366
21,INSTITUTO NACIONAL DE COMERCIO,05,Publico,Urbano,N/A,N/A,"FINAL CALLE CAMPOS Y AV. BARBERENA, BARRIO SAN JACINTO",1,1,0,0,1,0,0,1,6,inco11542@outlook.com,-89.187016,13.688143
23,CENTRO ESCOLAR DOCTOR SERGE REYNAUD DE LA FERRIERE,03,Publico,Urbana,N/A,N/A,FINAL QUINTA CALLE PONIENTE CONTIGUO A IGLESIA SAN PABLO COLONIA ESCALON,0,0,0,0,0,0,0,0,6,No posee,-89.253911,13.707614
24,ESCUELA DE EDUCACION PARVULARIA COLONIA CENTRO AMERICA,02,Publico,Urbana,N/A,N/A,CALLE GABRIELA MISTRAL N‹¨« 606 COLONIA CENTROAMERICA,0,0,0,0,0,0,0,0,0,No posee,-89.211253,13.713229
25,CENTRO ESCOLAR COMUNIDAD SERPAS,01,Publico,Urbana,N/A,N/A,COSTADO NORTE AL CENTRO JUDICIAL ISIDRO MENENDEZ COLONIA MEDICA,1,0,0,0,0,0,0,0,0,No posee,-89.198852,13.709472
26,CENTRO ESCOLAR CASERIO LAS LAJAS CANTON SAN ANTONIO ABAD,03,Publico,Rural,San Antonio Abad,Las Lajas,CASERIO LAS LAJAS CANTON SAN ANTONIO ABAD,0,0,0,0,0,0,0,0,0,No posee,-89.2487,13.714158
27,CENTRO ESCOLAR EL PROGRESO,01,Publico,Urbana,N/A,N/A,"FINAL CALLE ACAJUTLA Y AV. SAN JOSE #337, COLONIA EL REFUGIO",0,0,0,0,0,0,0,0,13,No posee,-89.199336,13.719409
28,CENTRO ESCOLAR REPUBLICA DE CANADA,03,Publico,Urbana,N/A,N/A,AV. LAS PALMAS PASAJE 7 COLONIA SAN BENITO,0,0,0,0,0,0,0,0,17,No posee,-89.236177,13.690406
29,CENTRO ESCOLAR JOSE MEJIA,04,Publico,Urbano,N/A,N/A,FINAL COLONIA LA CIMA 1 CALLE A HUIZUCAR,1,1,1,1,1,1,1,1,7,cejosemejia@hotmail.com,-89.223897,13.668431
30,CENTRO ESCOLAR SAN ANTONIO ABAD,02,Publico,Urbana,N/A,N/A,FINAL CALLE MIRAMONTE PONIENTE SOBRE BOULEVARD CONSTITUCION,1,0,0,0,0,0,0,0,28,cesabad.sv@gmail.com,-89.224058,13.712865
31,CENTRO ESCOLAR JUANA LOPEZ,02,Publico,Rural,San Antonio Abad,N/S,"AV. ANDALUCIA, CALLE PRINCIPAL FRENTE AL ANTIGUO TEMPLO CATOLICO DE SAN ANTONIO ABAD",0,0,0,0,0,0,0,0,0,cdecejuanlopez11594@gmail.com,-89.228865,13.717107
32,CENTRO ESCOLAR BENJAMIN SOL MILLET,04,Publico,Urbana,N/A,N/A,"COLONIA LOMAS DE SAN FRANCISCO BLOCK ""E"" CALLE ANTIGUA A HUIZUCAR SAN SALVADOR",1,0,1,0,0,0,0,0,0,cebsolmillet@gmail.com,-89.228744,13.673864
33,CENTRO ESCOLAR JUAN RAMON JIMENEZ,04,Publico,Urbana,San Salvador,N/A,CALLE LOS DURAZNOS N‹¨« 10 CONTIGUO AL COMPLEJO MUNICIPAL CANCHACHAPUPO RODRIGUEZ COL. SAN FRANCISCO,1,1,1,0,1,0,0,1,0,judithvilla-@hotmail.com,-89.225472,13.685134
34,CENTRO ESCOLAR REPUBLICA DE ITALIA,03,Publico,Rural,El Carmen,N/A,FINAL PASEO GENERAL ESCALON CALLE EL CARMEN,0,0,0,0,0,0,0,0,0,italiacentroescolar@gmail.com,-89.259768,13.709977
35,"CENTRO ESCOLAR CASERIO LA PEDRERA, COLONIA COSTA RICA",05,Publico,Urbano,N/A,N/A,"AV. IRAZU, CALLE SANTA MARTA, COLONIA COSTA RICA",0,0,0,0,1,0,0,0,0,celapedrera@gmail.com,-89.197357,13.677459
36,ESCUELA DE EDUCACION PARVULARIA DOLORES CASTELLANOS,01,Publico,Urbana,N/A,N/A,DECIMA AV. NORTE NUMERO MIL SETECIENTOS VEINTISEIS COLONIA LA RABIDA,0,0,0,0,0,0,0,0,10,No posee,-89.185178,13.714219
37,ESCUELA DE EDUCACION PARVULARIA GABRIELA MISTRAL,05,Publico,Urbana,N/A,N/A,"FINAL CALLE SAN MARTIN Y AV. INDIANA N‹¨«53 COLONIA HARRISON, BARRIO SAN JACINTO",0,1,0,0,0,1,0,0,11,gabriela11608@live.com,-89.18444,13.689405
38,ESCUELA DE EDUCACION PARVULARIA JORGE LARDE,05,Publico,Urbana,N/A,N/A,"CALLE MEXICO AV. EL COCAL #806, B SAN JACINTO, CERCA DEL FISDL",0,0,0,0,0,0,0,0,0,No posee,-89.19059,13.684454
39,ESCUELA DE EDUCACION PARVULARIA MARIA MONTESSORI,DHC,Publico,Urbano,N/A,N/A,"AV. CUSCATLAN N‹¨« 624, 3 1/2 CUADAS ABAJO DEL PALACIO NACIONAL Y FRENTE A SUMINISTROS ELECTRONICOS",1,1,1,1,1,1,1,1,19,No posee,-89.191827,13.695554
40,ESCUELA DE EDUCACION PARVULARIA ROSAURA ZAPATA,04,Publico,Urbana,N/A,N/A,COLONIA CIMAI CALLE A HUIZUCAR CONTIGUO AL PARQUE DE LA COLONIA,0,0,0,0,0,0,0,0,0,No posee,-89.22373,13.66804
41,ESCUELA DE EDUCACION PARVULARIA OVIDIO DECROLY,DHC,Publico,Urbano,N/A,N/A,CUARTA CALLE ORIENTE NUMERO 531,0,0,0,0,0,0,0,0,7,ovidiodecroly@live.com,-89.187477,13.696913
42,ESCUELA DE EDUCACION PARVULARIA COLONIA SAN BENITO,03,Publico,Urbana,N/A,N/A,KM 5 1/2 ALAMEDA MANUEL ENRIQUE ARAUJO,0,0,0,0,0,0,0,0,0,helemescamilla@gmail.com,-89.233012,13.689398
43,CENTRO ESCOLAR SALVADOR MUGDAN,01,Publico,Urbana,N/A,N/A,"CALLE 5 DE NOVIEMBRE Y 10A. AV. NORTE, N‹¨« 336",0,0,0,0,0,0,0,0,44,No posee,-89.185958,13.709327
44,CENTRO ESCOLAR SANTIAGO I. BARBERENA,05,Publico,Urbana,N/A,N/A,"33 AV. SUR, COLONIA DREYFUS, PASAJE SAN JOSE, N‹¨« 1729",0,0,0,0,0,0,0,0,8,No posee,-89.20886,13.69255
45,CENTRO ESCOLAR DOCTOR DARIO GONZALEZ,05,Publico,Urbana,N/A,N/A,CALLE LOS TANQUES N‹¨« 117 COLONIA DOLORES CONTIGUO A VIVEROS MUNICIPALES,0,0,0,0,0,0,0,0,9,dariogonzalez11628@hotmail.com,-89.205773,13.68173
46,CENTRO ESCOLAR REPUBLICA DE EL SALVADOR,05,Publico,Urbana,N/A,N/A,43 AV. SUR CALLE MONSERRAT COLONIA DINA,1,0,0,0,0,0,0,1,72,ceras17629@gmail.com,-89.214857,13.685507
47,CENTRO ESCOLAR FRANCISCO CAMPOS,DHC,Publico,Urbana,N/A,N/A,"CUARTA CALLE ORIENTE, NUMERO OCHENTA Y TRES BARRIO SAN ESTEBAN",0,0,0,0,0,0,0,0,19,No posee,-89.184032,13.696709
48,CENTRO ESCOLAR LYNDON B. JOHNSON,05,Publico,Urbana,N/A,N/A,COLONIA AMERICA AV. SANTO DOMINGO Y CALLE DOCE DE OCTUBRE BARRIO SAN JACINTO,1,0,0,0,0,0,0,0,76,No posee,-89.189543,13.67581
49,ESCUELA DE EDUCACION PARVULARIA PROFESORA LUISA MORAN CASTRO,05,Publico,Urbana,N/A,N/A,COLONIA MONSERRAT ENTRE PSAJE 9 Y 10,0,0,1,0,0,0,0,0,0,parv.luisamorancastro2010@gmail.com,-89.213555,13.683517
50,ESCUELA DE EDUCACION PARVULARIA MARTA CARBONELL DE QUITE‹¨«O,06,Publico,Urbana,N/A,N/A,FINAL 4‹¨« CALLE ORIENTE BARRIO LOURDES,0,1,0,0,1,0,0,0,17,No posee,-89.179923,13.695944
51,COLEGIO INTERNACIONAL DE SAN SALVADOR,3,Privado,Urbana,N/A,N/A,CALLE LA REFORMA Nø 169 COLONIA SAN BENITO,0,0,0,0,0,0,0,0,1,c_stemp@cciss.edu.sv,-89.232955,13.693631
52,ESCUELA AMERICANA,3,Privado,Urbana,N/A,N/A,"COLONIA Y CALLE LA MASCOTA, FINAL CALLE TRES",0,0,0,0,0,0,0,0,0,,-89.239335,13.695883
53,LICEO SAN BENITO,3,Privado,Urbana,N/A,N/A,CALLE LOMA LINDA Y LA MASCOTA Nø 1 # 116 COLONIA SAN BENITO,0,0,0,0,0,0,0,0,0,info@houseoflearning.edu.sv,-89.230794,13.697008
54,ESCUELA PANAMERICANA,3,Privado,Urbana,N/A,N/A,"FINAL PASAJE LA UNION, CALLE A CANTON EL CARMEN #1348, COLONIA ESCALON",0,0,0,0,0,0,0,0,0,pardoc@escuelapanamericana.org,-89.256362,13.711978
55,COLEGIO SALVADOREÇ?O ESPAÇ?OL,2,Privado,Urbana,N/A,N/A,FINAL 65 AV SUR Nø257 COL. ROMA,0,0,0,0,0,0,0,0,1,administracion@csespanol.com,-89.223833,13.698101
56,LICEO SALVADOREÇ?O,2,Privado,Urbana,N/A,N/A,"PRIMERA CALLE PONIENTE ENTRE 35 Y 37 AV. NORTE, COLONIA FLOR BLANCA",0,0,0,0,0,0,0,0,20,secretaria_bach@liceosalvadoreno.edu.sv,-89.210242,13.70298
57,COLEGIO SALVADOREÇ?O INGLES,3,Privado,Urbana,N/A,N/A,"OCHENTA Y CINCO AV. NORTE, NUMERO CIENTO TRECE, COLONIA ESCALON",0,0,0,0,0,0,0,0,0,direccion@csi-elsalvador.com,-89.240027,13.703569
59,COLEGIO DIEGO DE HOLGUIN,1,Privado,Urbana,N/A,N/A,29 CALLE PONIENTE Nø 1333 COLONIA LAYCO,1,1,0,0,0,0,0,0,6,col_dh@yahoo.es,-89.203041,13.714371
60,COLEGIO CORAZON DE MARIA,1,Privado,Urbana,N/A,N/A,15 CALLE PONIENTE #122,0,0,0,0,0,0,0,0,3,cademaria06@yahoo.com,-89.191305,13.706895
61,COLEGIO BAUTISTA EMMANUEL,5,Privado,Urbana,N/A,N/A,"PROLONGACION AV. EL COCAL NUMERO 1640, BARRIO SAN JACINTO ",0,0,0,0,0,0,0,0,11,cbemmanuel@hotmail.com,-89.191312,13.681168
62,COLEGIO EL ESPIRITU SANTO,5,Privado,Urbana,N/A,N/A,"DECIMA AV. SUR, CALLE ALBERTO SANCHEZ NUMERO 1523, BARRIO SAN JACINTO",0,0,0,0,0,0,0,0,0,colegioespiritusanto@hotmail.com,-89.191306,13.683494
63,COLEGIO LUZ DE ISRAEL,3,Privado,Urbana,N/A,N/A,FINAL 73 AV SUR  CALLE NUEVA #2 N§ 401 COLONIA ESCALON ,0,0,0,0,0,0,0,0,17,colegioluzdeisrael@hotmail.com,-89.229833,13.69819
64,CENTRO EDUCATIVO DENVER,4,Privado,Urbana,N/A,N/A,CALLE ANTIGUA A HUIZUCAR #15 LOMAS DE SAN FRANCISCO,0,1,0,0,0,0,0,0,13,centrodenversv@yahoo.com,-89.228265,13.675254
65,LICEO DAVID J. GUZMAN,5,Privado,Rural,N/A,N/A,CALLE LARA # 537 BARRIO SAN JACINTO,0,0,0,0,0,0,0,0,2,liceodavidjguzman179@hotmail.com,-89.188552,13.690181
66,COLEGIO EUCARISTICO,1,Privado,Urbana,N/A,N/A,"ALAMEDA JUAN PABLO II Nø 523 Y NOVENA CALLE OTE. Nø 416, OCTAVA AV. NORTE Nø 510 Y DECIMA AV. NORTE, BARRIO SAN JOSE",0,0,0,0,0,0,0,0,4,eucaristico.san.salvador@gmail.com,-89.187536,13.714304
67,CENTRO DE ENSEÇ?ANZA NACIONES UNIDAS,2,Privado,Urbana,N/A,N/A,"COLONIA CIUDAD SATELITE, PASAJE ARIES POLIGONO R CASAS #9 Y #10",0,0,0,0,0,0,0,0,2,ingrid_gonzalez@hotmail.com,-89.21737,13.722702
68,COLEGIO CRISTOBAL COLON,2,Privado,Urbana,N/A,N/A,"COLONIA EL ROBLE, AV. ""C"" NUMERO 125",0,0,0,0,0,0,0,0,3,direcciontecnica@colegiocristobalcolon.edu.sv,-89.209983,13.715164
69,COLEGIO GUADALUPANO,2,Privado,Urbana,N/A,N/A,25 AV. NORTE Nø 1047,0,0,0,0,0,0,0,0,2,col_guadalupano@hotmail.com,-89.204355,13.70857
70,COLEGIO EXTERNADO DE SAN JOSE,2,Privado,Urbana,N/A,N/A,RESIDENCIAL DECAPOLIS 33 AV. NORTE FINAL PASAJE SAN JOSE,0,0,0,0,0,0,0,0,5,direccion@externado.edu.sv,-89.20598,13.706678
71,BERRY COLLEGE SCHOOL OF BUSINESS,2,Privado,Urbana,N/A,N/A,27 AV. NORTE Nø 1138,0,0,0,0,0,0,0,0,0,berrycollegeschool@yahoo.com,-89.204842,13.7102
72,COLEGIO MIRALVALLE,2,Privado,Urbana,N/A,N/A,COLONIA Y PASEO MIRALVALLE #198,0,0,0,0,0,0,0,0,2,cm20520@gmail.com,-89.227066,13.722339
73,COLEGIO PALAS ATENEA,2,Privado,Urbana,N/A,N/A,"URBANIZACION CIUDAD SATELITE, CALLE CONSTITUCION, POLIGONO ""X"" #4",0,0,0,0,0,0,0,0,0,colegiopalasatenea@gmail.com,-89.212438,13.724226
75,COLEGIO SANTA MARIA,2,Privado,Urbana,N/A,N/A,"FINAL CALLE, SAN ANTONIO ABAD Nø 3414",0,1,0,1,1,1,1,1,4,csm79archivos@gmail.com,-89.225892,13.718623
76,COLEGIO ANGLO AMERICANO,2,Privado,Urbana,N/A,N/A,"COLONIA MIRAMONTE, CALLE SISIMILES N§ 3130",0,0,0,0,0,0,0,0,9,direccion@angloamericano.edu.sv,-89.216084,13.71203
77,COLEGIO MARIA DE BARATTA,2,Privado,Urbana,N/A,N/A,CALLE A SAN ANTONIO ABAD COLONIA LISBOA PASAJE 1 #73,0,0,0,0,0,0,0,0,1,claurr2003@yahoo.com,-89.220943,13.717286
78,COLEGIO ADVENTISTA DE SAN SALVADOR,1,Privado,Urbana,N/A,N/A,"PRIMERA AV. NORTE Nø 1109 BARRIO SAN MIGUELITO, UNA CUADRA AL PONIENTE DEL MERCADO SAN MIGUELITO",0,0,0,0,0,0,0,0,3,colegiocass@hotmail.com,-89.191426,13.709228
79,LICEO SANTA ANITA,5,Privado,Urbana,N/A,N/A,"17 AV. SUR Nø 1049, BARRIO SANTA ANITA",0,0,0,0,0,0,0,0,3,liceosantaanita@outlok.com,-89.200697,13.688234
81,COLEGIO LA DIVINA PROVIDENCIA,DCH,Privado,Urbana,N/A,N/A,CALLE CONCEPCION N§ 426,0,0,0,0,0,0,0,0,11,ladivinaprovidencia17@hotmail.com,-89.184703,13.700655
82,COLEGIO MARIA AUXILIADORA,1,Privado,Urbana,N/A,N/A,23 CALLE ORIENTE NUMERO 134 ENTRE AV. ESPA¥A Y AV. MONSE¥OR ROMERO,0,0,0,0,0,0,0,0,4,colegiomariaauxiliadora1903@gmail.com,-89.18986,13.710501
83,COLEGIO SAN CARLOS,1,Privado,Urbana,N/A,N/A,37 CALLE ORIENTE REPARTO 37 SEGUNDA ETAPA PASAJE LIBERTAD CASA NUMERO UNO COLONIA ATLACATL,0,1,1,1,1,1,1,1,2,colegiosancarlos2015@yahoo.com,-89.177646,13.716232
84,ESCUELA BILINGÇ?E TAZUMAL,2,Privado,Urbana,N/A,N/A,57 AV. NORTE PASAJE 10 #3022 COLONIA MIRAMONTE,1,0,0,0,0,0,0,0,1,ebtazumal@gmail.com,-89.219904,13.706199
85,LICEO GETSEMANI,2,Privado,Urbana,N/A,N/A,ALAMEDA JUAN PABLO II FRENTE A ISSS MEDICO QUIRURGICO,0,0,0,0,0,0,0,0,2,liceogetsemani@ibmiramonte.org,-89.207121,13.70357
86,COLEGIO ANGEL MARIA PEDROZA,3,Privado,Urbana,N/A,N/A,FINAL 75 AV. NORTE Y PROLONGACION ALAMEDA JUAN PABLO II. # 816 COLONIA ESCALON.,0,0,0,0,0,0,0,0,0,direccion@colegiopedroza.com,-89.231878,13.709807
87,COLEGIO CASA DE JUEGOS,1,Privado,Urbana,N/A,N/A,URBANIZACION LOMAS DE SAN FRANCISCO III CALLE PRINCIPAL AV. 1 CASA Nø42 A ,0,0,0,0,0,0,0,0,3,playhousekinder@gmail.com ,-89.195355,13.702524
88,LICEO REVERENDO FRANCISCO RAMIREZ ARBIZU,5,Privado,Urbana,N/A,N/A,FINAL COLONIA LUZ 30 CALLE PONIENTE Nø 2427,0,0,0,0,0,0,0,0,1,liceoarbizu@gmail.com,-89.215928,13.686564
89,JARDIN INFANTIL GOTITAS,1,Privado,Urbana,N/A,N/A,"COLONIA EL REFUGIO, AV. SAN LORENZO #119 (A UN COSTADO DEL CUARTEL SAN CARLOS)",0,0,0,0,0,0,0,0,4,gotitasdaycare@gmail.com,-89.197076,13.716786
90,ESCUELA TECNICA PARA LA SALUD MARIA TERESA LANG,1,Privado,Urbana,N/A,N/A,"CUARENTA Y NUEVE AV. SUR, PALO ALTO ENTRE CALLE EL PROGRESO Y AV. OLIMPICA",0,0,0,0,0,0,0,0,38,etps520@hotmail.com,-89.202442,13.701425
91,LICEO CRISTIANO REVERENDO JUAN BUENO DE LA COLONIA SAN BENITO,3,Privado,Urbana,N/A,N/A,CALLE LOMA LINDA #310 COLONIA SAN BENITO ,0,0,0,0,0,0,0,0,17,colegio@juanbuenosanbenito.org,-89.235445,13.695953
92,COLEGIO SUIZO SALVADOREÇ?O,3,Privado,Urbana,N/A,N/A,PROLONGACION ALAMEDA JUAN PABLO II Nø 969 COLONIA ESCALON,0,0,0,0,0,0,0,0,10,colegiosuizosalv@gmail.com,-89.229842,13.709454
93,COLEGIO MARIE PAUL,1,Privado,Urbana,N/A,N/A,SEPTIMA AV. NORTE Y CALLE SAN CARLOS,0,0,0,0,0,0,0,0,3,mariepaulcolegio@yahoo.com,-89.193723,13.716532
94,COLEGIO MONTESSORIANO,2,Privado,Urbana,N/A,N/A,"URBANIZACION SIGLO XXI, CALLE CHURRUCA E IPARRAGUIRRE #19-20",0,0,0,0,0,0,0,0,7,info@montesoriano.com.sv,-89.207821,13.706015
95,INSTITUTO CRISTIANO EL SEMBRADOR,5,Privado,Urbana,N/A,N/A,AV. BERBENA 1423 BARRIO SAN JACINTO ,1,0,0,0,0,0,0,0,9,colegio_elsembrador@hotmail.com ,-89.188812,13.684417
96,COLEGIO CRISTIANO JOSUE,3,Privado,Urbana,N/A,N/A,AV. MASFERRER SUR Nø 163-B COLONIA CAMPESTRE,0,0,0,0,0,0,0,0,0,info@colegiojosue.com,-89.250132,13.701168
97,KINDERGARTEN BENDIX,4,Privado,Urbana,N/A,N/A,CALLE LOS ABETOS BLOCK 2 URBANIZACION LOMA LINDA,0,0,0,0,0,0,0,0,0,fridabendix@gmail.com,-89.225734,13.675409
98,COLEGIO EL MUNDO MAGICO INFANTIL,5,Privado,Urbana,N/A,N/A,COLONIA Y AV. VISTA HERMOSA 152,0,0,0,0,0,0,0,0,3,mundoinfantil20@hotmail.com ,-89.20985,13.685334
99,COLEGIO CRISTIANO BILINGÇ?E UN NIÇ?O PARA CRISTO,4,Privado,Urbana,N/A,N/A,COLONIA SAN FRANCISCO AV. LAS AMAPOLAS Y CALLE LOS BAMBUES  #22 B,0,0,0,0,0,0,0,0,0,acfe@live.com,-89.222527,13.691805
100,ESCUELA SALESIANA DOMINGO SAVIO,1,Privado,Urbana,N/A,N/A,SEPTIMA AV. NORTE ENTRE 23 Y 27 CALLE PONIENTE COLONIA LAYCO,0,0,0,0,0,0,0,0,3,hdssdomingo@gmail.com,-89.193679,13.712504
101,ESCUELA CRISTIANA AMERICANA,3,Privado,Urbana,N/A,N/A,"COLONIA ESCALON FINAL 79 AV. NORTE, NUMERO 719",1,0,0,0,0,0,0,0,0,escuelacrisianoamerican@gmail.com,-89.235504,13.708899
102,ESCUELA BILINGÇ?E MAQUILISHUAT,3,Privado,Urbana,N/A,N/A,BLV. DEL HIPODROMO #540 COLONIA SAN BENITO,0,0,0,0,0,0,0,0,0,ebminforma@ebm.edu.sv,-89.243765,13.692192
103,COLEGIO UNION AMERICANA,4,Privado,Urbana,N/A,N/A,CALLELOS CASTA¥OS AV. LAS BUGAMBILIAS NUMERO 224 COLONIA SAN FRANCISCO,1,0,0,0,0,0,0,0,1,unitedschool@gmail.com,-89.22441,13.6875
104,INSTITUTO TECNICO OBRERO EMPRESARIAL DON BOSCO,6,Privado,Urbana,N/A,N/A,AV. PERALTA Y FINAL CALLE RENOVACION CON IBERIA POLIGONO INDUSTRIAL DON BOSCO ,0,0,0,0,0,0,0,0,43,registroacademico_itoe2010@hotmail.com,-89.174629,13.704887
105,COLEGIO ABC,3,Privado,Urbana,N/A,N/A,89 AV. NORTE Y 3ø CALLE PONIENTE Nø 4628 COLONIA ESCALON,0,0,0,0,0,0,0,0,0,info1@abcbilingualschool.edu.sv,-89.242812,13.705579
106,KINDERGARTEN SANTA TERESITA,2,Privado,Urbana,N/A,N/A,"URBANIZACION LA FLORIDA, PASAJE LAS PALMERAS #7",0,0,0,0,0,0,0,0,1,ksantateresita@gmail.com,-89.208865,13.707492
107,COLEGIO SANTIAGO ELIAS ECHEGOYEN,1,Privado,Urbana,N/A,N/A,COLONIA SANTA EUGENIA AV. ARAUJO #913 BARRIO SAN MIGUELITO,0,0,0,0,0,0,0,0,0,colsantechegoyen@gmail.com,-89.189849,13.706577
108,COLEGIO AGUSTINA CHARVIN,5,Privado,Rural,N/A,N/A,COLONIA AMERICA 10 AV SUR #1739 BARRIO SAN JACINTO,0,0,0,0,0,0,0,0,19,egustinacharvin@hotmail.com,-89.192114,13.679601
109,COLEGIO DIVINO SALVADOR,DCH,Privado,Urbana,N/A,N/A,DECIMA AV. SUR 419,0,0,0,0,0,0,0,0,7,colegiodivinosalvador@yahoo.com,-89.187333,13.695596
110,COLEGIO SIMON BOLIVAR,2,Privado,Urbana,N/A,N/A,"COLONIA CENTROAMERICA, CALLE GABRIELA MISTRAL Nø566",0,0,0,0,0,0,0,0,0,hserranovaldez@yahoo.com,-89.21155,13.712513
111,COLEGIO CENTROAMERICA,1,Privado,Urbana,N/A,N/A,"TREINTA Y SIETE CALLE ORIENTE #320, COLONIA LA RABIDA",0,0,0,0,0,0,0,0,10,colegio.centroamerica@hotmail.com,-89.188119,13.716598
112,COLEGIO BAUTISTA,5,Privado,Urbana,N/A,N/A,"AV. CUBA Y AV. EL COCAL, BARRIO SAN JACINTO",0,0,0,0,0,0,0,0,67,direccionss@colegiobautista.edu.sv ,-89.190695,13.68042
113,INSTITUTO CARMELITANO,5,Privado,Urbana,N/A,N/A,AV. IRAZU #110 COLONIA COSTA RICA,0,0,0,0,0,0,0,0,2,atenas226@yahoo.es,-89.197506,13.683009
114,LICEO CRISTIANO REVERENDO JUAN BUENO DEL BARRIO MODELO,DCH,Privado,Urbana,N/A,N/A,AV. 29 DE AGOSTO NUMERO 852 BARRIO MODELO ,0,0,0,0,0,0,0,0,15,d.modelo@lcjuanbueno.org,-89.195725,13.690447
115,LICEO CRISTIANO REVERENDO JUAN BUENO DE LA COLONIA EL GRANJERO,6,Privado,Urbana,N/A,N/A,FINAL SEXTA CALLE ORIENTE PASAJE NUMERO 99 COLONIA EL GRANJERO,0,0,0,0,0,0,0,0,9,d.elgranjero@icjuanbueno.org,-89.178024,13.693725
116,CENTRO ESCOLAR CANTON SAN CRISTOBAL,5,Publico,Urbana,SAN CRISTOBAL,N/A,"COMUNIDAD ALTOS DE JARDINES, COSTADO ORIENTE DE CIMA IV",0,0,0,0,0,0,0,0,0,cesancristobal_@hotmail.com,-89.206522,13.667845
117,ESCUELA DE EDUCACION PARVULARIA ESTADO DE ISRAEL,2,Publico,Urbana,N/A,N/A,COLONIA Y AV. 3  DE MAYO #123,0,0,0,0,1,0,0,0,0,estado.israel@yahoo.com,-89.212303,13.693864
118,CENTRO ESCOLAR REPUBLICA DE NICARAGUA,2,Publico,Urbana,N/A,N/A,FINAL AV. LOS LAGOS COLONIA CENTROAMERICA,0,0,1,0,0,0,0,0,29,No posee,-89.212615,13.713098
119,CENTRO ESCOLAR REPUBLICA DE PANAMA,1,Publico,Urbana,N/A,N/A,"20 AV. NORTE, COLONIA ATLACATL CONTIGUO A GIMNASIO DE INFRAMEN",0,0,0,0,0,0,0,0,12,No posee,-89.181177,13.713382
120,CENTRO ESCOLAR COLONIA SANTA LUCIA,2,Publico,Urbana,N/A,N/A,"AV. BERNAL Y CALLE DONALD BANK, N¶§ 220 COLONIA MIRAMONTE",0,0,0,0,0,0,0,0,8,No posee,-89.221619,13.70812
121,COMPLEJO EDUCATIVO CAPITAN GENERAL GERARDO BARRIOS,2,Publico,Urbana,N/A,N/A,"41 AV. SUR Y 4A. CALLE PONIENTE, COLONIA FLOR BLANCA",1,0,0,0,0,0,0,0,27,ai11640@hotmail.com,-89.212305,13.699409
122,CENTRO ESCOLAR CONSTITUCION 1950,1,Publico,Urbana,N/A,N/A,"FINAL 19 CALLE ORIENTE Y 20 AV. NORTE, COLONIA GUATEMALA",0,0,0,0,0,0,0,0,6,No posee,-89.180931,13.707918
123,CENTRO ESCOLAR NICOLAS J. BRAN,2,Publico,Urbana,N/A,N/A,41 AV. SUR Y ANTIGUA CALLE FERROCARIL COLONIA 3 DE MAYO,0,0,0,0,0,0,0,0,30,nicolasjbran@yahoo.com,-89.212703,13.693706
124,CENTRO ESCOLAR MIGUEL PINTO,2,Publico,Urbana,N/A,N/A,FINAL AV. WASHINTON Y CALLE DOCTOR JOSE MATIAS DELGADO COLONIA LIBERTAD,0,1,0,0,0,0,0,0,41,gonzaloalfredo.rivera@gmail.com,-89.211608,13.72273
125,CENTRO ESCOLAR JUAN RAFAEL MORA,5,Publico,Urbana,N/A,N/A,"COLONIA SANTA CRISTINA, PASAJES SANTA LUISA Y SANTA CECIILIA, BARRIO SANTA ANITA",0,0,0,0,0,0,0,0,7,No posee,-89.201527,13.690578
126,CENTRO ESCOLAR REPUBLICA DE HONDURAS,5,Publico,Urbana,N/A,N/A,FINAL CALLE ALFREDO ESPINO COLONIA IVU,0,0,0,0,0,0,0,0,6,jose1985k@hotmail.com,-89.209158,13.689075
127,CENTRO ESCOLAR BARRIO BELEN,1,Publico,Urbana,N/A,N/A,"27 CALLE PONIENTE #537, COLONIA LAYCO",0,0,0,0,0,0,0,0,39,doyomont65@yahoo.es,-89.194719,13.71282
128,CENTRO ESCOLAR MONSEÇ?OR BASILIO PLANTIER,DCH,Publico,Urbana,N/A,N/A,"SEXTA CALLE ORIENTE N¶ø1108, BARRIO SAN ESTEBAN",0,0,0,1,0,0,0,0,30,No posee,-89.182013,13.694149
129,CENTRO ESCOLAR JORGE LARDE,5,Publico,Urbana,N/A,N/A,DECIMA AV. SUR Y CALLE RAMON BELLOSO #510,1,0,0,0,0,0,0,0,86,jorgelarde@outlook.com,-89.190272,13.687554
130,CENTRO ESCOLAR GUSTAVO MARROQUIN,DCH,Publico,Urbana,N/A,N/A,QUINTA CALLE PONIENTE NUMERO 127,1,0,0,0,0,0,0,0,364,No posee,-89.191616,13.701683
131,CENTRO ESCOLAR MERCEDES QUINTEROS,1,Publico,Urbana,N/A,N/A,"20 AV. NORTE 1605, COLONIA LA RABIDA",0,0,0,0,0,0,0,0,3,cemercedesquintero.info@gmail.com,-89.181825,13.713051
132,CENTRO ESCOLAR REPUBLICA DE GUATEMALA,DCH,Publico,Urbana,N/A,N/A,"18 AV. NORTE N¶ø314, ESQUINA OPUESTA AL EX-CINE AVENIDA",0,0,0,0,0,0,0,0,19,No posee,-89.183451,13.70036
133,CENTRO ESCOLAR ESPAÇ?A,1,Publico,Urbana,N/A,N/A,CALLE A SAN ANTONIO ABAD Y AV. DON BOSCO SAN SALVADOR,1,0,1,1,0,0,0,0,25,ceespaÇña11658@hotmail.com,-89.206068,13.71547
134,COMPLEJO EDUCATIVO REPUBLICA DEL BRASIL,5,Publico,Urbana,N/A,N/A,CALLE MODELO N¶§ 75 BARRIO CANDELARIA,1,1,1,0,0,0,0,0,101,bra.mined1661@gmail.com,-89.195427,13.68631
135,CENTRO ESCOLAR 5 DE NOVIEMBRE,6,Publico,Urbana,N/A,N/A,FINAL 4¶ø CALLE ORIENTE BARRIO LOURDES,1,0,1,0,0,0,0,0,35,No posee,-89.179054,13.695622
136,CENTRO ESCOLAR REPUBLICA DE PARAGUAY,DCH,Publico,Urbana,N/A,N/A,CALLE MODELO Y FINAL PRIMERA AV. SUR N¶ø 650 BARRIO CANDELARIA,0,0,0,0,1,0,0,0,32,paraguay10paraguay@yahoo.com,-89.192777,13.691182
137,CENTRO ESCOLAR JOSE SIMEON CAÇ?AS,5,Publico,Urbana,N/A,N/A,10 AV. SUR #1651 BARRIO SAN JACINTO,0,0,0,0,0,0,0,0,38,11665cejsc@gmail.com,-89.191278,13.681215
138,CENTRO ESCOLAR REPUBLICA DE ARGENTINA,DCH,Publico,Urbana,N/A,N/A,SEXTA CALLE ORIENTE Y OCTAVA AV. SUR,0,0,0,0,0,0,0,0,27,No posee,-89.188601,13.696283
139,COMPLEJO EDUCATIVO JOAQUIN RODEZNO,3,Publico,Urbana,N/A,N/A,TERCERA CALLE PONIENTE N¶ø 529,0,0,0,0,0,0,0,0,175,11667.rodezno@gmaill.com,-89.24847,13.70499
140,CENTRO ESCOLAR JOSE MATIAS DELGADO,DCH,Publico,Urbana,N/A,N/A,FINAL 1¶ø AV. SUR N¶§ 732,0,0,0,0,0,0,0,0,55,ce_josematiasdelgado@yahoo.com,-89.193241,13.692764
141,CENTRO ESCOLAR GENERAL RAMON BELLOSO,5,Publico,Urbana,N/A,N/A,"COLONIA MONSERRAT ENTRE DIAGONAL HUIZUCAR Y PASAJE ""A""",0,0,1,0,0,0,0,0,22,No posee,-89.214717,13.682848
142,CENTRO ESCOLAR JUAN ABERLE,6,Publico,Urbana,N/A,N/A,CALLE CONCEPCION FINAL PASAJE EVELYN CONTIGUO A FUERZA NAVAL,0,0,0,0,0,0,0,0,0,mgvides@hotmail.es,-89.177821,13.705559
143,COMPLEJO EDUCATIVO CONCHA VIUDA DE ESCALON,3,Publico,Urbana,N/A,N/A,81 AV. NORTE Y QUINTA CALLE PONIENTE,1,0,0,0,0,0,0,0,61,cecove@hotmail.com,-89.237565,13.705584
144,CENTRO ESCOLAR REPUBLICA DE ALEMANIA,1,Publico,Urbana,N/A,N/A,"FINAL 20 AV. NORTE, FINAL PASAJE COCLE COLONIA PANAMA",0,0,0,0,0,0,0,0,22,cra.alemania@hotmail.com,-89.181126,13.718242
145,CENTRO ESCOLAR REPUBLICA DE COLOMBIA,DCH,Publico,Urbana,N/A,N/A,1 AV. NORTE Y QUINTA CALLE PONIENTE NUMERO 216 EDIFICIO SACA,1,0,0,0,0,0,0,1,21,No posee,-89.192498,13.702109
146,COMPLEJO EDUCATIVO DR. HUMBERTO ROMERO ALVERGUE,5,Publico,Urbana,N/A,N/A,"FINAL CALLE DARIO GONZALEZ, BARRIO SAN JACINTO",1,0,0,1,1,1,0,1,172,cedhra@gmail.com,-89.193359,13.685799
147,CENTRO ESCOLAR LIGA PANAMERICANA,5,Publico,Urbana,N/A,N/A,"FINAL PASAJE LAS NINFAS, CALLE MEXICO COLONIA SANTA CLARA",0,0,0,0,0,0,0,0,12,liarevalo@hotmail.com,-89.183801,13.681814
148,COMPLEJO EDUCATIVO REPUBLICA DEL ECUADOR,5,Publico,Urbana,N/A,N/A,17 AV. SUR Y CALLE FRANCISCO MENENDEZ BARRIO SANTA ANITA,0,0,0,0,0,0,0,0,19,ecuador.escuela11677@gmail.com,-89.201469,13.688991
149,CENTRO ESCOLAR FERNANDO LLORT,1,Publico,Urbana,N/A,N/A,CALLE SAN ANTONIO ABAD #1417,0,0,0,0,0,0,0,0,1,No posee,-89.205442,13.714927
150,CENTRO ESCOLAR REPUBLICA DE COSTA RICA,DCH,Publico,Urbana,N/A,N/A,6 CALLE ORIENTE Y 6 AV. SUR NUMERO 416,1,0,0,0,0,0,0,0,66,cer_costarica@hotmail.com,-89.188603,13.695563
151,CENTRO ESCOLAR REPUBLICA DE CHILE,6,Publico,Urbana,N/A,N/A,"BARRIO 11, CALLE CONCEPCION NUMERO 601",0,0,0,0,0,0,0,0,63,No posee,-89.182415,13.702174
152,CENTRO ESCOLAR FRANCISCO A. GAMBOA,DCH,Publico,Urbana,N/A,N/A,QUINTA CALLE ORIENTE NUMERO #726 BARRIO CONCEPCION CONTIGUO A UNIDAD DE SALUD DE CONCEPCION,0,0,0,1,1,0,0,0,31,escuelagamboa@gmail.com,-89.185002,13.701283
153,COMPLEJO EDUCATIVO REPUBLICA DOMINICANA,1,Publico,Urbana,N/A,N/A,AV. MONSEÇ?OR ROMERO COLONIA VAIRO PASAJE CONTRERAS,0,0,0,0,0,0,0,0,0,cescolarrepublicadominicana@gmail.com,-89.190761,13.716776
154,"COMPLEJO EDUCATIVO PARA SORDOS ""LICENCIADA GRISELDA ZELEDON""",1,Publico,Urbana,N/A,N/A,20 AV. COLONIA ATLACAT PASAJE P,1,0,0,0,0,0,0,0,9,saulocj7@yahoo.com.mx,-89.18091,13.713483
155,CENTRO ESCOLAR LA ROSA BLANCA,5,Publico,Urbana,N/A,N/A,"COLONIA HARRISON, AV. VIRGINIA, N¶§ 934, SAN JACINTO",0,0,0,0,0,0,0,0,4,No posee,-89.184949,13.688765
156,ESCUELA DE EDUCACION ESPECIAL REINALDO BORJA PORRAS,2,Publico,Urbana,N/A,N/A,25 AV. NORTE Y 27 CALLE PONIENTE 10 NIVEL HOSPITAL NACIONAL DE NIÇ?OS BENJAMIN BLOOM,0,0,1,1,0,0,0,0,5,escueltaborjaporras2001@outlook.com,-89.20404,13.714081
157,JARDIN DE NIÇ?OS CARITAS ALEGRES,3,Publico,Urbana,N/A,N/A,"CALLE CIRCUNVALACION #334, COLONIA SAN BENITO",0,0,0,0,0,0,0,0,0,coordinacion@kinderhappyfaces.edu.sv,-89.243008,13.690646
158,ESCUELA CRISTIANA OASIS EL SALVADOR,3,Publico,Urbana,N/A,N/A,93 AV. NORTE ENTRE 7A Y 5A CALLE PTE #165 PASAJE FRANCISCO CAMPOS SAN SALVADOR COLONIA ESCALON,0,0,0,0,0,0,0,0,0,jvcescuelacristianaoasis.org,-89.245457,13.70524
159,CENTRO DE ESTUDIOS LA SALLE,2,Publico,Urbana,N/A,N/A,"PROLONGACION ALAMEDA JUAN PABLO II, N¶ø 331",0,0,0,0,0,0,0,0,13,admisionlasalle@gmail.com,-89.222581,13.704889
160,COLEGIO SAGRADO CORAZON,3,Publico,Urbana,N/A,N/A,11 CALLE PONIENTE Y 83 AV. NORTE N¶ø 4354 COLONIA ESCALON,0,0,0,0,0,0,0,0,7,mensajes@cosaco.edu.sv,-89.238696,13.709291
161,COLEGIO LA SAGRADA FAMILIA,3,Publico,Urbana,N/A,N/A,"69 AV. NORTE, PASEO GENERAL ESCALON #3618",0,0,0,0,0,0,0,0,4,colegio@lasagradafamilia.edu.sv,-89.227664,13.70214
162,COLEGIO SAN PABLO,3,Publico,Urbana,N/A,N/A,"FINAL QUINTA CALLE PTE. Y CALLE JOSE MARTI COLONIA ESCALON, ARRIBA DE LOMAS VERDES",0,0,0,0,0,0,0,0,0,col.sanpablo@hotmail.com,-89.253597,13.707933
163,COLEGIO MONTESSORI,2,Publico,Urbana,N/A,N/A,61¶ø AV. NORTE N¶ø 147 COLONIA ESCALON,0,0,0,0,0,0,0,0,10,montessori_c@yahoo.com,-89.221442,13.702451
164,COLEGIO GARCIA FLAMENCO,2,Publico,Urbana,N/A,N/A,FINAL 57 AV. NORTE Y ALAMEDA JUAN PABLO II COLONIA MIRAMONTE,0,0,0,0,0,0,0,0,23,cgf@garciaflamenco.edu.sv,-89.218784,13.705245
165,INSTITUTO TECNICO DE EX ALUMNOS SALESIANOS,6,Publico,Urbana,N/A,N/A,AV. PERALTA N¶ø5,0,0,0,0,0,0,0,0,8,wlaldana@yahoo.com,-89.178321,13.700803
166,CENTRO ESCOLAR HORIZONTES,3,Publico,Urbana,N/A,N/A,5¶ø C. PONIENTE #4041 COLONIA ESCALON,0,0,0,0,0,0,0,0,1,informacion@horizontes.edu.sv,-89.235271,13.705298
167,CENTRO CULTURAL SALVADOREÇ?O AMERICANO,2,Publico,Urbana,N/A,N/A,"EDIFICIO CENTRO CULTURAL SALVADOREÇ?O AMERICANO CALLE SISIMILES, FRENTE A METROCENTRO NORTE",0,0,0,0,0,0,0,0,0,bachilleratoatb@ccsa.edu.sv,-89.210737,13.707132
168,COLEGIO INTERNACIONAL DE SAN SALVADOR,3,Publico,Urbana,N/A,N/A,CALLE LA REFORMA N¶ø 169 COLONIA SAN BENITO,0,0,0,0,0,0,0,0,1,c_stemp@cciss.edu.sv,-89.232965,13.693469
169,ESCUELA AMERICANA,3,Publico,Urbana,N/A,N/A,"COLONIA Y CALLE LA MASCOTA, FINAL CALLE TRES",0,0,0,0,0,0,0,0,0,No posee,-89.23929,13.695543
170,LICEO SAN BENITO,3,Publico,Urbana,N/A,N/A,CALLE LOMA LINDA Y LA MASCOTA N¶ø 1 # 116 COLONIA SAN BENITO,0,0,0,0,0,0,0,0,0,info@houseoflearning.edu.sv,-89.230805,13.696263
171,ESCUELA PANAMERICANA,3,Publico,Urbana,N/A,N/A,"FINAL PASAJE LA UNION, CALLE A CANTON EL CARMEN #1348, COLONIA ESCALON",0,0,0,0,0,0,0,0,0,pardoc@escuelapanamericana.org,-89.256372,13.7117
172,COLEGIO SALVADOREÇ?O ESPAÇ?OL,2,Publico,Urbana,N/A,N/A,FINAL 65 AV SUR N¶ø257 COL. ROMA,0,0,0,0,0,0,0,0,1,administracion@csespanol.com,-89.223832,13.697799
173,LICEO SALVADOREÇ?O,2,Publico,Urbana,N/A,N/A,"PRIMERA CALLE PONIENTE ENTRE 35 Y 37 AV. NORTE, COLONIA FLOR BLANCA",0,0,0,0,0,0,0,0,20,secretaria_bach@liceosalvadoreno.edu.sv,-89.210209,13.702619
174,COLEGIO SALVADOREÇ?O INGLES,3,Publico,Urbana,N/A,N/A,"OCHENTA Y CINCO AV. NORTE, NUMERO CIENTO TRECE, COLONIA ESCALON",0,0,0,0,0,0,0,0,0,direccion@csi-elsalvador.com,-89.240028,13.703282
175,INSTITUTO HERMANAS SOMASCAS,3,Publico,Urbana,N/A,N/A,CALLE DEL MEDITERRANEO Y AV. SAN GERONIMO EMILIANI LA CEIBA DE GUADALUPE,1,0,0,0,0,0,0,0,12,ihscgpe@ihs.edu.sv,-89.24276,13.68203
176,COLEGIO DIEGO DE HOLGUIN,1,Publico,Urbana,N/A,N/A,29 CALLE PONIENTE N¶ø 1333 COLONIA LAYCO,1,0,0,0,0,0,0,0,6,col_dh@yahoo.es,-89.203052,13.714146
177,COLEGIO CORAZON DE MARIA,1,Publico,Urbana,N/A,N/A,15 CALLE PONIENTE #122,0,0,0,0,0,0,0,0,3,cademaria06@yahoo.com,-89.191294,13.706586
178,COLEGIO BAUTISTA EMMANUEL,5,Publico,Urbana,N/A,N/A,"PROLONGACION AV. EL COCAL NUMERO 1640, BARRIO SAN JACINTO",0,0,0,0,0,0,0,0,11,cbemmanuel@hotmail.com,-89.191279,13.680828
179,COLEGIO EL ESPIRITU SANTO,5,Publico,Urbana,N/A,N/A,"DECIMA AV. SUR, CALLE ALBERTO SANCHEZ NUMERO 1523, BARRIO SAN JACINTO",0,0,0,0,0,0,0,0,0,colegioespiritusanto@hotmail.com,-89.19128,13.683268
180,COLEGIO LUZ DE ISRAEL,3,Publico,Urbana,N/A,N/A,FINAL 73 AV SUR  CALLE NUEVA #2 N¶§ 401 COLONIA ESCALON,0,0,0,0,0,0,0,0,17,colegioluzdeisrael@hotmail.com,-89.229835,13.697852
181,CENTRO EDUCATIVO DENVER,4,Publico,Urbana,N/A,N/A,CALLE ANTIGUA A HUIZUCAR #15 LOMAS DE SAN FRANCISCO,1,0,0,0,0,0,0,0,13,centrodenversv@yahoo.com,-89.228287,13.674987
182,LICEO DAVID J. GUZMAN,5,Publico,Rural,N/A,N/A,CALLE LARA # 537 BARRIO SAN JACINTO,0,0,0,0,0,0,0,0,2,liceodavidjguzman179@hotmail.com,-89.188573,13.689968
183,COLEGIO EUCARISTICO,DCH,Publico,Urbana,N/A,N/A,"ALAMEDA JUAN PABLO II N¶ø 523 Y NOVENA CALLE OTE. N¶ø 416, OCTAVA AV. NORTE N¶ø 510 Y DECIMA AV. NORTE, BARRIO SAN JOSE",0,0,0,0,0,0,0,0,4,eucaristico.san.salvador@gmail.com,-89.187146,13.702182
184,COMPLEJO EDUCATIVO CATOLICO SAN FRANCISCO,DCH,Publico,Urbana,N/A,N/A,ALAMEDA JUAN PABLO II ORIENTE #145,0,0,0,0,0,0,0,0,1,complejosanfrancisco@yahoo.com,-89.190549,13.702856
185,CENTRO DE ENSEÇ?ANZA NACIONES UNIDAS,2,Privado,Urbana,N/A,N/A,"COLONIA CIUDAD SATELITE, PASAJE ARIES POLIGONO R CASAS #9 Y #10",0,0,0,0,0,0,0,0,2,ingrid_gonzalez@hotmail.com,-89.217358,13.722426
186,COLEGIO CRISTOBAL COLON,2,Privado,Urbana,N/A,N/A,"COLONIA EL ROBLE, AV. ""C"" NUMERO 125",0,0,0,0,0,0,0,0,3,direcciontecnica@colegiocristobalcolon.edu.sv,-89.209983,13.7149
187,COLEGIO GUADALUPANO,2,Privado,Urbana,N/A,N/A,25 AV. NORTE N¶ø 1047,0,0,0,0,0,0,0,0,2,col_guadalupano@hotmail.com,-89.204366,13.708281
188,COLEGIO EXTERNADO DE SAN JOSE,2,Privado,Urbana,N/A,N/A,RESIDENCIAL DECAPOLIS 33 AV. NORTE FINAL PASAJE SAN JOSE,0,0,0,0,0,0,0,0,5,direccion@externado.edu.sv,-89.206,13.706295
189,BERRY COLLEGE SCHOOL OF BUSINESS,2,Privado,Urbana,N/A,N/A,27 AV. NORTE N¶ø 1138,0,0,0,0,0,0,0,0,0,berrycollegeschool@yahoo.com,-89.204842,13.709922
190,COLEGIO MIRALVALLE,2,Privado,Urbana,N/A,N/A,COLONIA Y PASEO MIRALVALLE #198,0,0,0,0,0,0,0,0,2,cm20520@gmail.com,-89.227099,13.722103
191,COLEGIO PALAS ATENEA,2,Privado,Urbana,N/A,N/A,"URBANIZACION CIUDAD SATELITE, CALLE CONSTITUCION, POLIGONO ""X"" #4",0,0,1,0,0,0,0,0,0,colegiopalasatenea@gmail.com,-89.212439,13.724179
192,COLEGIO SANTA MARIA,2,Privado,Urbana,N/A,N/A,"FINAL CALLE, SAN ANTONIO ABAD N¶ø 3414",0,0,0,0,0,0,0,0,4,csm79archivos@gmail.com,-89.225903,13.718272
193,COLEGIO ANGLO AMERICANO,2,Privado,Urbana,N/A,N/A,"COLONIA MIRAMONTE, CALLE SISIMILES N¶§ 3130",0,0,0,0,0,0,0,0,9,direccion@angloamericano.edu.sv,-89.216085,13.711764
194,CENTRO EDUCATIVO TEMACH,2,Privado,Urbana,N/A,N/A,"27 AV. NORTE #1115, COLONIA MEDICA",0,0,0,0,0,0,0,0,0,coltemach06@gmail.com,-89.205422,13.709047
195,COLEGIO MILITAR GENERAL TOMAS REGALADO,2,Privado,Urbana,N/A,N/A,31 AV. SUR COLONIA FLOR BLANCA FRENTE A OFICINA DEL POLLO CAMPERO,0,0,0,0,0,0,0,0,10,colegio_militar_83@yahoo.com,-89.207875,13.6965
196,COLEGIO LAURA LEHTINEN,4,Privado,Urbana,N/A,N/A,"COL. SAN FRANCISCO, AVE. LAS GARONEAS #4.",0,0,0,0,0,0,0,0,0,colegiolauralehtinen@gmail.com,-89.228541,13.689293
197,COLEGIO RUISEÇ?OR,2,Privado,Urbana,N/A,N/A,COLONIA MIRAMENTE CALLE SISIMILES #2929,0,0,0,0,0,0,0,0,1,coruiseÇñor@hotmail.com,-89.214045,13.70919
198,JARDIN DE INFANTES PADRE MIGUEL GONZALEZ,1,Privado,Urbana,N/A,N/A,QUINTA AV. NORTE NUMERO MIL CUATROCIENTOS CUARENTA Y DOS,0,0,0,0,0,0,0,0,3,gonzalezpadremiguel@gmail.com,-89.192807,13.71242
199,LICEO KONRAD ADENAUER,5,Privado,Urbana,N/A,N/A,10 AV. SUR #1752 COL. AMERICA BARRIO SAN JACINTO,1,1,1,1,1,1,1,0,4,liceokonrad99@hotmail.com,-89.192253,13.678775
200,COLEGIO DAVID LIVINGSTONE,3,Privado,Urbana,N/A,N/A,7A CALLE PONIENTE #4038 COLONIA ESCALON,0,0,0,0,0,0,0,0,0,colegiodavidlivingstone@gmail.com,-89.235061,13.706481
201,ESCUELA PARVULARIA AMIGUITOS,2,Privado,Urbana,N/A,N/A,21 CA. PONIENTE #1626 COL. BUENOS AIRES,0,0,0,0,0,0,0,0,0,kinderamiguitos@hotmail.com,-89.206701,13.711066
202,COLEGIO CARRUSEL,2,Privado,Urbana,N/A,N/A,CIUDAD SATELITE CALLE JUPITER N¶ø27 J,0,0,0,0,0,0,0,0,0,kindercarrusel@gmail.com,-89.213871,13.724677
203,COLEGIO CULTURAL ITALIANO,1,Privado,Urbana,N/A,N/A,"PRIMERA AV. NORTE, NUMERO OCHOCIENTOS TREINTA Y CINCO",0,0,0,0,0,0,0,0,0,colegioculturalitaliano@gmail.com,-89.192098,13.705864
204,COLEGIO THEODOR HERZL,1,Privado,Urbana,N/A,N/A,1A. AV.NORTE N¶§ 1013 BARRIO SAN MIGUELITO,0,0,0,0,0,0,0,0,12,colegioherzl@gmail.com,-89.191883,13.707279
205,COLEGIO CEFAS,2,Privado,Urbana,N/A,N/A,PROLONGACION ALAMEDA JUAN PABLO II Y BOULEVARD CONSTITUCION,0,0,0,0,0,0,0,0,0,directora@colegiocefas.com,-89.226365,13.707625
206,COLEGIO DE LA IGLESIA EVANGELICA EL DIOS DE ISRAEL,1,Privado,Urbana,N/A,N/A,"CALLE 5 DE NOVIEMBRE, FINAL 6TA. AV. NORTE, BARRIO SAN MIGUELITO",0,0,0,0,0,0,0,0,8,colegio@lacapilla.org.sv,-89.187303,13.709097
207,COLEGIO CRISTIANO SALVADOREÇ?O EN HACORE,2,Privado,Urbana,N/A,N/A,FINAL PROLONGACION CALLE ARCE Y 47 AV. NORTE 1-C COLONIA FLOR BLANCA,0,0,0,0,0,0,0,0,0,colegio-enhacore@gmail.com,-89.215466,13.701647
208,COLEGIO CATOLICO KERYGMA,DCH,Privado,Urbana,N/A,N/A,TERCERA CALLE PONIENTE Y NOVENA AV. NORTE N¶ø532,0,0,0,0,0,0,0,0,11,registroacademicocck@gmail.com,-89.195357,13.702202
209,ESCUELA CRISTIANA CRISTO A LAS NACIONES,2,Privado,Urbana,N/A,N/A,"PROLONGACION ALAMEDA JUAN PABLO II A 300 METROS AL PONIENTE DE LA 75 AVE. NORTE, COLONIA ESCALON",0,0,0,0,0,0,0,0,1,escuelacristoalasnaciones@gmail.com,-89.237179,13.71227
210,CENTRO INFANTIL LA FLORIDA,2,Privado,Urbana,N/A,N/A,"BOULEVARD LOS HEROES, PASAJE LAS PALMERAS #22",0,0,0,0,0,0,0,0,1,centroinfantil_laflorida@hotmail.com,-89.20849,13.706987
211,COLEGIO PEQUEÇ?O JESUS,1,Privado,Urbana,N/A,N/A,"COLONIA ATLACATL PASAJE ""A"" CASA #10",0,0,0,0,0,0,0,0,3,claudiadanielav@gmail.com,-89.177893,13.712535
212,COLEGIO HIGHLANDS,3,Privado,Urbana,N/A,N/A,"CARRETERA A SANTA TECLA Y BOULEVARD MONSEÇ?OR ROMERO, PASAJE PRIVADO CONTIGUO A CASA PRESIDENCIAL",0,0,0,0,0,0,0,0,3,info@highlands.edu.sv,-89.241669,13.685416
213,COLEGIO MIS AMIGUITOS,2,Privado,Urbana,N/A,N/A,PROLONGACION ALAMEDA JUAN PABLO II RESIDENCIAL TAZUMAL CASA N¶§ 3,0,0,0,0,0,0,0,0,12,amiguitos.yani@yahoo.es,-89.228129,13.708334
214,COLEGIO EL ALQUIMISTA,6,Privado,Urbana,N/A,N/A,"52 AV. NORTE Y NOVENA CALLE ORIENTE N¶ø 504, COLONIA ALTOS DEL BOULEVARD",0,0,0,0,0,0,0,0,6,colegioelalquimistachs@hotmail.com,-89.16787,13.703436
215,COLEGIO GIRASOLES,3,Privado,Urbana,N/A,N/A,89 AV. NORTE #535 COLONIA ESCALON,0,0,0,0,0,0,0,0,2,kinder.girasoles@gmail.com,-89.242289,13.707208
216,LICEO PROFESOR LADISLAO LEIVA,2,Privado,Urbana,N/A,N/A,"1A CALLE PONIENTE ENTRE 57 Y 59 AV. NORTE #161, COL. ESCALON",1,0,0,1,1,0,1,0,4,informacionladislaoleiva@gmail.com,-89.220048,13.70245
217,COLEGIO CRISTIANO EL SALVADOR,4,Privado,Urbana,N/A,N/A,CALLE LOS BAMBUES Y AVE LAS BUGAMBILIAS #130 COLONIA SAN FRANCISCO,0,0,0,0,0,0,0,0,0,ccibelsal@yahoo.com,-89.224084,13.686312
218,COLEGIO EL DULCE NIÇ?O,2,Privado,Urbana,N/A,N/A,CALLE CONSTITUCION Y PASAJE ARIES NUMERO 28 COLONIA SATELITE,1,0,0,0,0,0,0,0,1,rosaidagutierrez1974@hotmail.com,-89.217561,13.722999
219,COLEGIO INTERAMERICANO LICENCIADA CARMEN DURAN,2,Privado,Urbana,N/A,N/A,CALLE GABRIELA MISTRAL N¶ø 321,0,0,0,0,0,0,0,0,6,cinteram2 64@hotmail.com,-89.207439,13.708879
220,COLEGIO SONRISAS PAMPANITOS,2,Privado,Urbana,N/A,N/A,CALLE SAN ANTONIO ABAD #3529,0,0,0,0,0,0,0,0,2,pampanitos@gmail.com,-89.224361,13.718145
221,COLEGIO HANS CHRISTIAN ANDERSEN,1,Privado,Urbana,N/A,N/A,COLONIA EL REFUGIO AV. SAN LORENZO #307,0,0,0,0,0,0,0,0,0,andersen.colegio@gmail.com,-89.198353,13.718259
222,COLEGIO IRENA SENDLER,2,Privado,Urbana,N/A,N/A,"COLONIA FLOR BLANCA, PASAJE PERALTA #125 SOBRE CALLE EL PROGRESO",0,0,0,0,0,0,0,0,0,direccion_cis@yahoo.com,-89.21754,13.69722
223,ACADEMIA CRISTIANA INTERNACIONAL,3,Privado,Urbana,N/A,N/A,TERCERA CALLE PONIENTE ENTRE 71 Y 73 AVE NORTE #3760 COLONIA ESCALON,0,0,0,0,0,0,0,0,0,roxy@academiniainternacional.com,-89.229766,13.703986
224,COLEGIO MI TRENCITO DE MADERA,3,Privado,Urbana,N/A,N/A,"7A CALLE PONIENTE #4923, COLONIA ESCALON",0,1,0,0,0,0,0,0,2,mitrencito_direccion@hotmail.com,-89.246164,13.706302
225,CENTRO ESCOLAR CASERIO EL GUAYABO CANTON SAN ISIDRO LOS PLANES,3,Publico,Rural,SAN ISIDRO LOS PLANES,EL GUAYABO,"KM 19 1/2 CALLE AL BOQUERON, MEDIA CUADRA ANTES DEL RESTAURANTE LAS BRUMAS",0,0,1,1,1,0,1,0,3,No posee,-89.266943,13.732999
226,CENTRO ESCOLAR CATOLICO CORAZON DE MARIA,5,Publico,Urbana,N/A,N/A,COLONIA PROVIDENCIA FINAL CALLE SEVILLA N¶ø 600,0,0,0,0,0,0,0,0,10,cecede_2000@yahoo.com,-89.199866,13.684027
227,COMPLEJO EDUCATIVO CATOLICO FE Y ALEGRIA,6,Publico,Urbana,N/A,N/A,"COLONIA GENERAL FRANCISCO MORAZAN, CALLE EL PORVENIR, ZONA LA CHACRA",1,1,1,1,1,0,0,0,48,cecfalachacra@gmail.com,-89.172497,13.694799
228,CENTRO ESCOLAR CATOLICO PABLO VI,5,Publico,Urbana,N/A,N/A,39 AV. SUR Y CALLE PRINCIPAL N¶§ 609 CENTRO URBANO MONSERRAT,0,0,0,0,0,0,0,0,2,No posee,-89.212851,13.682399
229,CENTRO ESCOLAR CATOLICO HOGAR DEL NIÇ?O,5,Publico,Urbana,N/A,N/A,"FINAL CALLE RAMON BELLOSO, BARRIO SAN JACINTO",0,0,0,0,0,0,0,0,29,cechogardelniÇño@gmail.com,-89.186501,13.686829
230,CENTRO ESCOLAR CATOLICO SANTA ANA,DCH,Publico,Urbana,N/A,N/A,17 AV. SUR #1003 B SANTA ANITA,0,0,0,0,0,0,0,0,8,cecsantana@gmail.com,-89.20075,13.69069
231,CENTRO ESCOLAR CATOLICO NUESTRA SEÇ?ORA DE FATIMA,1,Publico,Urbana,N/A,N/A,33 CALLE ORIENTE BIS N¶ø612 COLONIA LA RABIDA,0,1,0,0,1,1,0,0,6,cece_fatima@hotmail.com,-89.184798,13.71482
232,CENTRO ESCOLAR CATOLICO SANTA CATALINA,5,Publico,Urbana,N/A,N/A,BARRIO SAN JACINTO CALLE RAMON BELLOSO Y AV. CUBA #629,0,0,1,1,1,0,0,0,0,No posee,-89.189157,13.68747
233,CENTRO ESCOLAR CATOLICO NUESTRA SEÇ?ORA DE LOURDES,6,Publico,Urbana,N/A,N/A,"FINAL PROLONGACION CALLE DELGADO 22 AV. SUR N¶ø 2200, BARRIO LOURDES",1,0,0,0,0,0,0,0,4,asuncionlourdes@gmail.com,-89.181317,13.697727
234,CENTRO ESCOLAR CATOLICO EMILIANI,3,Publico,Urbana,N/A,N/A,KM 6 1/2 CARRETERA A SANTA TECLA FRENTE A BASILICA NUESTRA SEÇ?ORA DE GUADALUPE,0,0,0,0,0,0,0,0,4,emiliani@emiliani.edu.sv,-89.242821,13.682101
235,CENTRO ESCOLAR CATOLICO CORAZON DE MARIA,5,Publico,Urbana,N/A,N/A,"CALLE JUAN JOSE CAÇ?AS ENTRE 77 Y 79 AV. SUR, COLONIA ESCALON",0,0,0,0,0,0,0,0,0,escodemaedu@gmail.com,-89.199869,13.684029
236,CENTRO ESCOLAR CATOLICO SAN PATRICIO,5,Publico,Urbana,N/A,N/A,CALLE ANTIGUA A HUIZUCAR Y CALLE PRINCIPAL DE LA COLONIA SAN PATRICIO #100,0,0,0,0,0,1,0,0,7,estermolina629@gmail.com,-89.211652,13.670481
237,ESCUELA PARROQUIAL DE SAN JOSE DE LA MONTAÇ?A,2,Publico,Urbana,N/A,N/A,PRIMERA CALLE PONIENTE NUMERO 3520 COLONIA ESCALON,0,1,1,0,1,0,1,0,6,escuelaparroquialsanjose19@gmail.com,-89.224923,13.70337
238,ESCUELA DE EDUCACION PARVULARIA CATOLICA PEDRO RICALDONE,2,Publico,Urbana,N/A,N/A,CENTRO URBANO LIBERTAD AV. AGUILARES #218,1,1,1,1,1,1,0,0,2,parvularia.pedro.ricaldone@ricaldone.edu.sv,-89.20342,13.723376
239,CENTRO ESCOLAR CATOLICO MADRE MARIA CATARINA GIMAGGIO,4,Publico,Urbana,N/A,N/A,COLONIA LUZ 24 CALLE PTE Y 47 AV. SUR,0,0,0,0,0,0,0,0,7,catarinadimaggio@yahoo.com,-89.216489,13.688955
240,CENTRO ESCOLAR CATOLICO NUESTRA SEÇ?ORA DE LA MERCED,5,Publico,Urbana,N/A,N/A,FINAL AV. CUBA CONTINUO A IGLESIA LOS REMEDIOS,1,0,0,1,0,0,0,1,1,cecelamerced@hotmail.com,-89.18716,13.69169
241,CENTRO ESCOLAR CATOLICO LA DIVINA PROVIDENCIA,DCH,Publico,Urbana,N/A,N/A,BARRIO Y CALLE CONCEPCION N¶ø 330,1,1,1,1,1,1,0,0,10,cecedivinaprovidencia@yahoo.com,-89.184666,13.700363
242,INSTITUTO NACIONAL NOCTURNO MAYOR VICTOR MANUEL BAIRES CRUZ,6,Publico,Urbana,N/A,N/A,"FINAL BOULEVARD VENEZUELA, COMPLEJO PCN",0,0,0,0,0,1,0,0,2,No posee,-89.17581,13.697142
